month_id,country_id,forecast_1
469,167,1.38675
470,167,3.1981559
471,167,4.1102424
472,167,13.12665
473,167,16.335224
474,167,18.250515
475,167,24.059828
476,167,43.637474
477,167,29.957987
478,167,35.26712
479,167,34.4225
480,167,30.440935
