month_id,country_id,outcome
469,167,13.482262752950191
470,167,-3.1073163896799088
471,167,80.46579464524984
472,167,88.1589131578803
473,167,59.80073645710945
474,167,76.56601877510548
475,167,79.30829099938273
476,167,83.65347169339657
477,167,90.58906646445394
478,167,97.56278320401907
479,167,107.79636999964714
480,167,122.40365377441049
